gouvernoratSlug,specialtySlug,doctors
ariana,anatomie-pathologique,6
ariana,anesthesie-reanimation,20
ariana,autre,16
ariana,biologie-medicale,25
ariana,carcinologie-medicale,8
ariana,cardiologie,40
ariana,chirurgie-carcinologique,5
ariana,chirurgie-cardiovasculaire,9
ariana,chirurgie-generale,20
ariana,chirurgie-orthopedique,32
ariana,chirurgie-pediatrique,5
ariana,chirurgie-plastique,11
ariana,chirurgie-thoracique,2
ariana,chirurgie-vasculaire,2
ariana,dermatologie,44
ariana,endocrinologie,16
ariana,gastro-enterologie,24
ariana,gynecologie-obstetrique,90
ariana,hematologie,3
ariana,imagerie-medicale,40
ariana,maladies-infectieuses,4
ariana,medecine-famille,11
ariana,medecine-generale,268
ariana,medecine-interne,14
ariana,medecine-physique,6
ariana,nephrologie,6
ariana,neurochirurgie,9
ariana,neurologie,27
ariana,nutrition,7
ariana,ophtalmologie,46
ariana,orl,33
ariana,pediatrie,49
ariana,pedopsychiatrie,6
ariana,physiologie,2
ariana,pneumologie,28
ariana,psychiatrie,36
ariana,radiotherapie,3
ariana,reanimation-medicale,4
ariana,rhumatologie,12
ariana,stomatologie,7
ariana,urologie,20
beja,anatomie-pathologique,1
beja,anesthesie-reanimation,3
beja,biologie-medicale,2
beja,cardiologie,8
beja,chirurgie-cardiovasculaire,1
beja,chirurgie-generale,3
beja,chirurgie-orthopedique,4
beja,chirurgie-pediatrique,1
beja,dermatologie,2
beja,endocrinologie,2
beja,gastro-enterologie,3
beja,gynecologie-obstetrique,11
beja,imagerie-medicale,8
beja,medecine-famille,1
beja,medecine-generale,46
beja,medecine-interne,1
beja,nephrologie,2
beja,neurologie,1
beja,nutrition,2
beja,ophtalmologie,8
beja,orl,4
beja,pediatrie,5
beja,pneumologie,3
beja,psychiatrie,1
beja,radiotherapie,1
beja,rhumatologie,3
beja,urologie,3
benarous,anatomie-pathologique,2
benarous,anesthesie-reanimation,13
benarous,autre,12
benarous,biologie-medicale,10
benarous,carcinologie-medicale,3
benarous,cardiologie,26
benarous,chirurgie-carcinologique,1
benarous,chirurgie-generale,9
benarous,chirurgie-orthopedique,13
benarous,chirurgie-pediatrique,2
benarous,chirurgie-plastique,1
benarous,chirurgie-thoracique,1
benarous,dermatologie,18
benarous,endocrinologie,9
benarous,gastro-enterologie,17
benarous,gynecologie-obstetrique,35
benarous,hematologie,1
benarous,imagerie-medicale,26
benarous,medecine-famille,12
benarous,medecine-generale,162
benarous,medecine-interne,2
benarous,medecine-physique,1
benarous,medecine-preventive,1
benarous,medecine-travail,1
benarous,medecine-urgence,1
benarous,nephrologie,3
benarous,neurochirurgie,1
benarous,neurologie,9
benarous,nutrition,6
benarous,ophtalmologie,30
benarous,orl,20
benarous,pediatrie,28
benarous,pedopsychiatrie,2
benarous,pneumologie,8
benarous,psychiatrie,15
benarous,reanimation-medicale,1
benarous,rhumatologie,10
benarous,stomatologie,3
benarous,urologie,12
bizerte,anatomie-pathologique,2
bizerte,anesthesie-reanimation,7
bizerte,autre,4
bizerte,biologie-medicale,9
bizerte,carcinologie-medicale,1
bizerte,cardiologie,9
bizerte,chirurgie-cardiovasculaire,1
bizerte,chirurgie-generale,14
bizerte,chirurgie-orthopedique,16
bizerte,chirurgie-pediatrique,2
bizerte,dermatologie,8
bizerte,endocrinologie,6
bizerte,gastro-enterologie,7
bizerte,gynecologie-obstetrique,34
bizerte,imagerie-medicale,17
bizerte,maladies-infectieuses,1
bizerte,medecine-famille,4
bizerte,medecine-generale,136
bizerte,medecine-interne,3
bizerte,nephrologie,1
bizerte,neurologie,5
bizerte,nutrition,1
bizerte,ophtalmologie,21
bizerte,orl,12
bizerte,pediatrie,25
bizerte,pedopsychiatrie,1
bizerte,pneumologie,6
bizerte,psychiatrie,7
bizerte,rhumatologie,4
bizerte,urologie,8
gabes,anatomie-pathologique,3
gabes,anesthesie-reanimation,1
gabes,autre,1
gabes,biologie-medicale,3
gabes,carcinologie-medicale,3
gabes,cardiologie,5
gabes,chirurgie-carcinologique,1
gabes,chirurgie-cardiovasculaire,2
gabes,chirurgie-generale,6
gabes,chirurgie-orthopedique,10
gabes,dermatologie,6
gabes,endocrinologie,5
gabes,gastro-enterologie,4
gabes,gynecologie-obstetrique,12
gabes,imagerie-medicale,12
gabes,maladies-infectieuses,1
gabes,medecine-famille,6
gabes,medecine-generale,77
gabes,medecine-urgence,1
gabes,neurochirurgie,2
gabes,neurologie,3
gabes,ophtalmologie,9
gabes,orl,7
gabes,pediatrie,12
gabes,pedopsychiatrie,1
gabes,pneumologie,4
gabes,psychiatrie,2
gabes,radiotherapie,1
gabes,rhumatologie,3
gabes,stomatologie,1
gabes,urologie,4
gafsa,carcinologie-medicale,2
gafsa,cardiologie,6
gafsa,chirurgie-generale,6
gafsa,chirurgie-orthopedique,9
gafsa,chirurgie-vasculaire,1
gafsa,dermatologie,4
gafsa,endocrinologie,5
gafsa,gastro-enterologie,4
gafsa,gynecologie-obstetrique,11
gafsa,imagerie-medicale,8
gafsa,medecine-famille,2
gafsa,medecine-generale,46
gafsa,neurochirurgie,1
gafsa,neurologie,1
gafsa,nutrition,1
gafsa,ophtalmologie,8
gafsa,orl,4
gafsa,pediatrie,6
gafsa,pedopsychiatrie,1
gafsa,pneumologie,5
gafsa,psychiatrie,2
gafsa,rhumatologie,1
gafsa,urologie,1
jendouba,biologie-medicale,2
jendouba,cardiologie,6
jendouba,chirurgie-carcinologique,1
jendouba,chirurgie-generale,8
jendouba,chirurgie-orthopedique,6
jendouba,dermatologie,1
jendouba,gastro-enterologie,3
jendouba,gynecologie-obstetrique,9
jendouba,hematologie,1
jendouba,imagerie-medicale,4
jendouba,medecine-famille,1
jendouba,medecine-generale,51
jendouba,medecine-interne,5
jendouba,neurologie,3
jendouba,ophtalmologie,5
jendouba,orl,4
jendouba,pediatrie,10
jendouba,pneumologie,2
jendouba,psychiatrie,1
jendouba,rhumatologie,2
jendouba,urologie,3
kairouan,anatomie-pathologique,3
kairouan,anesthesie-reanimation,5
kairouan,biologie-medicale,2
kairouan,carcinologie-medicale,1
kairouan,cardiologie,9
kairouan,chirurgie-carcinologique,1
kairouan,chirurgie-cardiovasculaire,1
kairouan,chirurgie-generale,6
kairouan,chirurgie-orthopedique,6
kairouan,chirurgie-pediatrique,1
kairouan,dermatologie,3
kairouan,endocrinologie,4
kairouan,gastro-enterologie,3
kairouan,gynecologie-obstetrique,22
kairouan,imagerie-medicale,5
kairouan,medecine-famille,1
kairouan,medecine-generale,78
kairouan,medecine-travail,1
kairouan,nephrologie,1
kairouan,neurologie,4
kairouan,ophtalmologie,10
kairouan,orl,4
kairouan,pediatrie,13
kairouan,pneumologie,1
kairouan,psychiatrie,3
kairouan,radiotherapie,1
kairouan,reanimation-medicale,1
kairouan,rhumatologie,1
kairouan,urologie,4
kasserine,anesthesie-reanimation,1
kasserine,biologie-medicale,1
kasserine,cardiologie,4
kasserine,chirurgie-carcinologique,1
kasserine,chirurgie-generale,3
kasserine,chirurgie-orthopedique,3
kasserine,dermatologie,1
kasserine,gastro-enterologie,2
kasserine,gynecologie-obstetrique,13
kasserine,imagerie-medicale,5
kasserine,medecine-generale,58
kasserine,medecine-interne,2
kasserine,nephrologie,1
kasserine,ophtalmologie,5
kasserine,orl,4
kasserine,pediatrie,5
kasserine,pneumologie,1
kasserine,psychiatrie,1
kasserine,urologie,2
kebili,biologie-medicale,4
kebili,cardiologie,2
kebili,chirurgie-generale,2
kebili,chirurgie-orthopedique,5
kebili,dermatologie,2
kebili,endocrinologie,1
kebili,gastro-enterologie,1
kebili,gynecologie-obstetrique,5
kebili,imagerie-medicale,2
kebili,medecine-famille,1
kebili,medecine-generale,27
kebili,medecine-interne,1
kebili,ophtalmologie,1
kebili,orl,2
kebili,pediatrie,2
kebili,pneumologie,2
kef,anesthesie-reanimation,2
kef,biologie-medicale,1
kef,cardiologie,3
kef,chirurgie-generale,7
kef,chirurgie-orthopedique,4
kef,dermatologie,2
kef,endocrinologie,1
kef,gastro-enterologie,3
kef,gynecologie-obstetrique,7
kef,imagerie-medicale,4
kef,medecine-generale,34
kef,medecine-interne,1
kef,nutrition,2
kef,ophtalmologie,5
kef,orl,1
kef,pediatrie,5
kef,pneumologie,2
kef,psychiatrie,1
kef,rhumatologie,1
kef,stomatologie,1
kef,urologie,2
mahdia,anatomie-pathologique,2
mahdia,anesthesie-reanimation,4
mahdia,biologie-medicale,6
mahdia,carcinologie-medicale,1
mahdia,cardiologie,6
mahdia,chirurgie-cardiovasculaire,1
mahdia,chirurgie-generale,5
mahdia,chirurgie-orthopedique,8
mahdia,dermatologie,6
mahdia,endocrinologie,6
mahdia,gastro-enterologie,4
mahdia,gynecologie-obstetrique,23
mahdia,hematologie,1
mahdia,imagerie-medicale,11
mahdia,medecine-famille,6
mahdia,medecine-generale,113
mahdia,medecine-interne,1
mahdia,medecine-physique,2
mahdia,nephrologie,2
mahdia,neurochirurgie,1
mahdia,neurologie,2
mahdia,ophtalmologie,10
mahdia,orl,6
mahdia,pediatrie,13
mahdia,pneumologie,5
mahdia,psychiatrie,3
mahdia,reanimation-medicale,1
mahdia,urologie,4
manouba,anatomie-pathologique,1
manouba,autre,2
manouba,biologie-medicale,5
manouba,cardiologie,5
manouba,chirurgie-cardiovasculaire,1
manouba,chirurgie-generale,1
manouba,chirurgie-orthopedique,2
manouba,dermatologie,7
manouba,endocrinologie,1
manouba,gastro-enterologie,4
manouba,gynecologie-obstetrique,14
manouba,imagerie-medicale,11
manouba,medecine-famille,3
manouba,medecine-generale,71
manouba,medecine-interne,1
manouba,nephrologie,1
manouba,neurologie,1
manouba,nutrition,2
manouba,ophtalmologie,9
manouba,orl,6
manouba,pediatrie,12
manouba,pneumologie,2
manouba,psychiatrie,4
manouba,rhumatologie,4
manouba,urologie,3
medenine,anatomie-pathologique,3
medenine,anesthesie-reanimation,1
medenine,biologie-medicale,4
medenine,carcinologie-medicale,2
medenine,cardiologie,22
medenine,chirurgie-carcinologique,2
medenine,chirurgie-generale,24
medenine,chirurgie-orthopedique,21
medenine,chirurgie-plastique,1
medenine,chirurgie-thoracique,1
medenine,chirurgie-vasculaire,1
medenine,dermatologie,12
medenine,endocrinologie,9
medenine,gastro-enterologie,12
medenine,gynecologie-obstetrique,33
medenine,imagerie-medicale,13
medenine,medecine-famille,12
medenine,medecine-generale,140
medenine,medecine-interne,6
medenine,medecine-physique,1
medenine,medecine-urgence,1
medenine,nephrologie,6
medenine,neurochirurgie,4
medenine,neurologie,5
medenine,ophtalmologie,21
medenine,orl,12
medenine,pediatrie,18
medenine,pedopsychiatrie,1
medenine,pneumologie,10
medenine,psychiatrie,5
medenine,radiotherapie,3
medenine,rhumatologie,2
medenine,stomatologie,2
medenine,urologie,10
monastir,anatomie-pathologique,3
monastir,anesthesie-reanimation,7
monastir,biologie-medicale,6
monastir,carcinologie-medicale,2
monastir,cardiologie,15
monastir,chirurgie-generale,12
monastir,chirurgie-orthopedique,14
monastir,chirurgie-pediatrique,1
monastir,dermatologie,16
monastir,endocrinologie,11
monastir,gastro-enterologie,8
monastir,gynecologie-obstetrique,38
monastir,hematologie,1
monastir,histo-embryologie,1
monastir,imagerie-medicale,13
monastir,maladies-infectieuses,1
monastir,medecine-famille,11
monastir,medecine-generale,246
monastir,medecine-interne,3
monastir,medecine-legale,1
monastir,medecine-physique,4
monastir,medecine-travail,1
monastir,nephrologie,6
monastir,neurochirurgie,3
monastir,neurologie,6
monastir,nutrition,1
monastir,ophtalmologie,26
monastir,orl,15
monastir,pediatrie,31
monastir,pedopsychiatrie,2
monastir,pneumologie,13
monastir,psychiatrie,11
monastir,radiotherapie,2
monastir,rhumatologie,6
monastir,stomatologie,2
monastir,urologie,11
nabeul,anatomie-pathologique,3
nabeul,anesthesie-reanimation,9
nabeul,autre,3
nabeul,biologie-medicale,9
nabeul,carcinologie-medicale,1
nabeul,cardiologie,22
nabeul,chirurgie-carcinologique,1
nabeul,chirurgie-generale,20
nabeul,chirurgie-orthopedique,21
nabeul,chirurgie-pediatrique,1
nabeul,chirurgie-thoracique,1
nabeul,chirurgie-vasculaire,1
nabeul,dermatologie,11
nabeul,endocrinologie,3
nabeul,gastro-enterologie,12
nabeul,gynecologie-obstetrique,49
nabeul,hematologie,2
nabeul,imagerie-medicale,29
nabeul,maladies-infectieuses,1
nabeul,medecine-famille,8
nabeul,medecine-generale,248
nabeul,medecine-interne,7
nabeul,medecine-physique,2
nabeul,medecine-preventive,2
nabeul,medecine-urgence,2
nabeul,nephrologie,7
nabeul,neurochirurgie,1
nabeul,neurologie,11
nabeul,nutrition,7
nabeul,ophtalmologie,30
nabeul,orl,19
nabeul,pediatrie,33
nabeul,pedopsychiatrie,2
nabeul,pneumologie,17
nabeul,psychiatrie,14
nabeul,radiotherapie,2
nabeul,rhumatologie,9
nabeul,stomatologie,3
nabeul,urologie,8
sfax,anatomie-pathologique,15
sfax,anesthesie-reanimation,47
sfax,autre,1
sfax,biologie-medicale,51
sfax,carcinologie-medicale,16
sfax,cardiologie,54
sfax,chirurgie-carcinologique,1
sfax,chirurgie-cardiovasculaire,9
sfax,chirurgie-generale,40
sfax,chirurgie-orthopedique,63
sfax,chirurgie-pediatrique,7
sfax,chirurgie-plastique,3
sfax,chirurgie-thoracique,2
sfax,dermatologie,38
sfax,endocrinologie,27
sfax,gastro-enterologie,27
sfax,genetique,1
sfax,gynecologie-obstetrique,87
sfax,hematologie,4
sfax,histo-embryologie,2
sfax,imagerie-medicale,69
sfax,maladies-infectieuses,12
sfax,medecine-famille,40
sfax,medecine-generale,411
sfax,medecine-interne,10
sfax,medecine-nucleaire,2
sfax,medecine-physique,8
sfax,medecine-travail,1
sfax,nephrologie,9
sfax,neurochirurgie,12
sfax,neurologie,25
sfax,nutrition,2
sfax,ophtalmologie,55
sfax,orl,39
sfax,pediatrie,47
sfax,pedopsychiatrie,8
sfax,physiologie,4
sfax,pneumologie,31
sfax,psychiatrie,36
sfax,radiotherapie,7
sfax,rhumatologie,14
sfax,stomatologie,13
sfax,urologie,30
sidi-bouzid,anesthesie-reanimation,2
sidi-bouzid,biologie-medicale,3
sidi-bouzid,carcinologie-medicale,1
sidi-bouzid,cardiologie,3
sidi-bouzid,chirurgie-generale,3
sidi-bouzid,chirurgie-orthopedique,6
sidi-bouzid,dermatologie,1
sidi-bouzid,endocrinologie,1
sidi-bouzid,gastro-enterologie,2
sidi-bouzid,gynecologie-obstetrique,12
sidi-bouzid,imagerie-medicale,5
sidi-bouzid,medecine-famille,3
sidi-bouzid,medecine-generale,61
sidi-bouzid,medecine-interne,1
sidi-bouzid,neurologie,2
sidi-bouzid,ophtalmologie,5
sidi-bouzid,orl,4
sidi-bouzid,pediatrie,8
sidi-bouzid,pneumologie,1
sidi-bouzid,psychiatrie,1
sidi-bouzid,rhumatologie,1
sidi-bouzid,urologie,3
siliana,anesthesie-reanimation,1
siliana,chirurgie-orthopedique,2
siliana,endocrinologie,1
siliana,gastro-enterologie,1
siliana,gynecologie-obstetrique,3
siliana,imagerie-medicale,1
siliana,medecine-famille,1
siliana,medecine-generale,26
siliana,ophtalmologie,2
siliana,orl,2
siliana,pediatrie,3
siliana,pneumologie,1
siliana,urologie,1
sousse,anatomie-pathologique,7
sousse,anesthesie-reanimation,10
sousse,biologie-medicale,8
sousse,carcinologie-medicale,6
sousse,cardiologie,28
sousse,chirurgie-carcinologique,1
sousse,chirurgie-cardiovasculaire,5
sousse,chirurgie-generale,17
sousse,chirurgie-orthopedique,18
sousse,chirurgie-pediatrique,2
sousse,chirurgie-plastique,6
sousse,chirurgie-thoracique,1
sousse,dermatologie,30
sousse,endocrinologie,20
sousse,gastro-enterologie,25
sousse,genetique,1
sousse,gynecologie-obstetrique,69
sousse,hematologie,2
sousse,histo-embryologie,2
sousse,imagerie-medicale,37
sousse,maladies-infectieuses,3
sousse,medecine-famille,16
sousse,medecine-generale,270
sousse,medecine-interne,4
sousse,medecine-physique,12
sousse,nephrologie,7
sousse,neurochirurgie,9
sousse,neurologie,13
sousse,ophtalmologie,45
sousse,orl,25
sousse,pediatrie,43
sousse,pedopsychiatrie,5
sousse,physiologie,2
sousse,pneumologie,14
sousse,psychiatrie,14
sousse,radiotherapie,4
sousse,rhumatologie,12
sousse,stomatologie,10
sousse,urologie,16
tataouine,biologie-medicale,1
tataouine,cardiologie,1
tataouine,chirurgie-generale,1
tataouine,chirurgie-orthopedique,1
tataouine,gastro-enterologie,1
tataouine,gynecologie-obstetrique,3
tataouine,imagerie-medicale,2
tataouine,medecine-famille,2
tataouine,medecine-generale,27
tataouine,nephrologie,1
tataouine,ophtalmologie,1
tataouine,orl,1
tataouine,pediatrie,2
tozeur,cardiologie,2
tozeur,gynecologie-obstetrique,3
tozeur,imagerie-medicale,2
tozeur,medecine-famille,2
tozeur,medecine-generale,18
tozeur,ophtalmologie,3
tozeur,orl,1
tozeur,pediatrie,2
tunis,anatomie-pathologique,20
tunis,anesthesie-reanimation,108
tunis,autre,21
tunis,biologie-medicale,42
tunis,carcinologie-medicale,10
tunis,cardiologie,102
tunis,chirurgie-carcinologique,12
tunis,chirurgie-cardiovasculaire,16
tunis,chirurgie-generale,70
tunis,chirurgie-orthopedique,64
tunis,chirurgie-pediatrique,12
tunis,chirurgie-plastique,36
tunis,chirurgie-thoracique,1
tunis,chirurgie-vasculaire,7
tunis,dermatologie,65
tunis,endocrinologie,25
tunis,gastro-enterologie,68
tunis,genetique,2
tunis,gynecologie-obstetrique,198
tunis,hematologie,10
tunis,histo-embryologie,5
tunis,imagerie-medicale,93
tunis,maladies-infectieuses,6
tunis,medecine-famille,23
tunis,medecine-generale,658
tunis,medecine-interne,17
tunis,medecine-nucleaire,6
tunis,medecine-physique,6
tunis,medecine-preventive,1
tunis,medecine-travail,3
tunis,medecine-urgence,2
tunis,nephrologie,21
tunis,neurochirurgie,9
tunis,neurologie,24
tunis,nutrition,12
tunis,ophtalmologie,132
tunis,orl,72
tunis,pediatrie,120
tunis,pedopsychiatrie,10
tunis,physiologie,1
tunis,pneumologie,50
tunis,psychiatrie,68
tunis,radiotherapie,6
tunis,reanimation-medicale,6
tunis,rhumatologie,36
tunis,stomatologie,22
tunis,urologie,40
zaghouan,anesthesie-reanimation,1
zaghouan,autre,1
zaghouan,biologie-medicale,1
zaghouan,carcinologie-medicale,1
zaghouan,cardiologie,2
zaghouan,chirurgie-generale,1
zaghouan,chirurgie-orthopedique,2
zaghouan,dermatologie,2
zaghouan,endocrinologie,1
zaghouan,gastro-enterologie,1
zaghouan,gynecologie-obstetrique,7
zaghouan,imagerie-medicale,3
zaghouan,medecine-famille,2
zaghouan,medecine-generale,26
zaghouan,neurologie,1
zaghouan,ophtalmologie,4
zaghouan,orl,2
zaghouan,pediatrie,2
zaghouan,pneumologie,2
zaghouan,urologie,1
